class,group,native_method,native_private,native_static,parameter_count,parameter_type_boolean[]_count,parameter_type_boolean_count,parameter_type_byte[]_count,parameter_type_byte_count,parameter_type_char[]_count,parameter_type_char_count,parameter_type_count,parameter_type_double[]_count,parameter_type_double_count,parameter_type_float[]_count,parameter_type_float_count,parameter_type_int[]_count,parameter_type_int_count,parameter_type_java.lang.Class_count,parameter_type_java.lang.Object[]_count,parameter_type_java.lang.Object_count,parameter_type_java.lang.String_count,parameter_type_java.lang.Throwable_count,parameter_type_long[]_count,parameter_type_long_count,parameter_type_short[]_count,parameter_type_short_count,response_time_millis,
Benchmark00001,Java to C,nativemethod,1,0,1,-,-,-,-,-,-,1,-,-,-,-,-,-,-,-,-,1,-,-,-,-,-,1212,
Benchmark00002,Java to C,nativemethod,1,0,2,-,-,-,-,-,-,1,-,-,-,-,-,-,-,-,-,2,-,-,-,-,-,1237,
Benchmark00003,Java to C,nativemethod,1,0,3,-,-,-,-,-,-,1,-,-,-,-,-,-,-,-,-,3,-,-,-,-,-,1580,
Benchmark00004,Java to C,nativemethod,1,0,4,-,-,-,-,-,-,1,-,-,-,-,-,-,-,-,-,4,-,-,-,-,-,1844,
Benchmark00005,Java to C,nativemethod,1,0,5,-,-,-,-,-,-,1,-,-,-,-,-,-,-,-,-,5,-,-,-,-,-,2050,
Benchmark00006,Java to C,nativemethod,1,0,6,-,-,-,-,-,-,1,-,-,-,-,-,-,-,-,-,6,-,-,-,-,-,2335,
Benchmark00007,Java to C,nativemethod,1,0,7,-,-,-,-,-,-,1,-,-,-,-,-,-,-,-,-,7,-,-,-,-,-,2555,
Benchmark00008,Java to C,nativemethod,1,0,8,-,-,-,-,-,-,1,-,-,-,-,-,-,-,-,-,8,-,-,-,-,-,2857,
Benchmark00009,Java to C,nativemethod,1,0,9,-,-,-,-,-,-,1,-,-,-,-,-,-,-,-,-,9,-,-,-,-,-,3187,
Benchmark00010,Java to C,nativemethod,1,0,10,-,-,-,-,-,-,1,-,-,-,-,-,-,-,-,-,10,-,-,-,-,-,3570,
Benchmark00011,Java to C,nativemethod,1,0,11,-,-,-,-,-,-,1,-,-,-,-,-,-,-,-,-,11,-,-,-,-,-,3730,
Benchmark00012,Java to C,nativemethod,1,0,12,-,-,-,-,-,-,1,-,-,-,-,-,-,-,-,-,12,-,-,-,-,-,4035,
Benchmark00013,Java to C,nativemethod,1,0,13,-,-,-,-,-,-,1,-,-,-,-,-,-,-,-,-,13,-,-,-,-,-,4497,
Benchmark00014,Java to C,nativemethod,1,0,14,-,-,-,-,-,-,1,-,-,-,-,-,-,-,-,-,14,-,-,-,-,-,4724,
Benchmark00015,Java to C,nativemethod,1,0,15,-,-,-,-,-,-,1,-,-,-,-,-,-,-,-,-,15,-,-,-,-,-,5001,
Benchmark00016,Java to C,nativemethod,1,0,16,-,-,-,-,-,-,1,-,-,-,-,-,-,-,-,-,16,-,-,-,-,-,5384,
Benchmark00017,Java to C,nativemethod,1,0,17,-,-,-,-,-,-,1,-,-,-,-,-,-,-,-,-,17,-,-,-,-,-,5674,
Benchmark00018,Java to C,nativemethod,1,0,18,-,-,-,-,-,-,1,-,-,-,-,-,-,-,-,-,18,-,-,-,-,-,6087,
Benchmark00019,Java to C,nativemethod,1,0,19,-,-,-,-,-,-,1,-,-,-,-,-,-,-,-,-,19,-,-,-,-,-,6580,
Benchmark00020,Java to C,nativemethod,1,0,20,-,-,-,-,-,-,1,-,-,-,-,-,-,-,-,-,20,-,-,-,-,-,6206,
Benchmark00021,Java to C,nativemethod,1,0,1,-,-,-,-,1,-,1,-,-,-,-,-,-,-,-,-,-,-,-,-,-,-,979,
Benchmark00022,Java to C,nativemethod,1,0,2,-,-,-,-,2,-,1,-,-,-,-,-,-,-,-,-,-,-,-,-,-,-,1197,
Benchmark00023,Java to C,nativemethod,1,0,3,-,-,-,-,3,-,1,-,-,-,-,-,-,-,-,-,-,-,-,-,-,-,1571,
Benchmark00024,Java to C,nativemethod,1,0,4,-,-,-,-,4,-,1,-,-,-,-,-,-,-,-,-,-,-,-,-,-,-,1730,
Benchmark00025,Java to C,nativemethod,1,0,5,-,-,-,-,5,-,1,-,-,-,-,-,-,-,-,-,-,-,-,-,-,-,2038,
Benchmark00026,Java to C,nativemethod,1,0,6,-,-,-,-,6,-,1,-,-,-,-,-,-,-,-,-,-,-,-,-,-,-,2329,
Benchmark00027,Java to C,nativemethod,1,0,7,-,-,-,-,7,-,1,-,-,-,-,-,-,-,-,-,-,-,-,-,-,-,2531,
Benchmark00028,Java to C,nativemethod,1,0,8,-,-,-,-,8,-,1,-,-,-,-,-,-,-,-,-,-,-,-,-,-,-,2851,
Benchmark00029,Java to C,nativemethod,1,0,9,-,-,-,-,9,-,1,-,-,-,-,-,-,-,-,-,-,-,-,-,-,-,3147,
Benchmark00030,Java to C,nativemethod,1,0,10,-,-,-,-,10,-,1,-,-,-,-,-,-,-,-,-,-,-,-,-,-,-,3453,
Benchmark00031,Java to C,nativemethod,1,0,11,-,-,-,-,11,-,1,-,-,-,-,-,-,-,-,-,-,-,-,-,-,-,3730,
Benchmark00032,Java to C,nativemethod,1,0,12,-,-,-,-,12,-,1,-,-,-,-,-,-,-,-,-,-,-,-,-,-,-,3956,
Benchmark00033,Java to C,nativemethod,1,0,13,-,-,-,-,13,-,1,-,-,-,-,-,-,-,-,-,-,-,-,-,-,-,4197,
Benchmark00034,Java to C,nativemethod,1,0,14,-,-,-,-,14,-,1,-,-,-,-,-,-,-,-,-,-,-,-,-,-,-,4551,
Benchmark00035,Java to C,nativemethod,1,0,15,-,-,-,-,15,-,1,-,-,-,-,-,-,-,-,-,-,-,-,-,-,-,4769,
Benchmark00036,Java to C,nativemethod,1,0,16,-,-,-,-,16,-,1,-,-,-,-,-,-,-,-,-,-,-,-,-,-,-,5057,
Benchmark00037,Java to C,nativemethod,1,0,17,-,-,-,-,17,-,1,-,-,-,-,-,-,-,-,-,-,-,-,-,-,-,5330,
Benchmark00038,Java to C,nativemethod,1,0,18,-,-,-,-,18,-,1,-,-,-,-,-,-,-,-,-,-,-,-,-,-,-,5588,
Benchmark00039,Java to C,nativemethod,1,0,19,-,-,-,-,19,-,1,-,-,-,-,-,-,-,-,-,-,-,-,-,-,-,5869,
Benchmark00040,Java to C,nativemethod,1,0,20,-,-,-,-,20,-,1,-,-,-,-,-,-,-,-,-,-,-,-,-,-,-,6157,
Benchmark00041,Java to C,nativemethod,1,0,1,-,-,-,-,-,1,1,-,-,-,-,-,-,-,-,-,-,-,-,-,-,-,684,
Benchmark00042,Java to C,nativemethod,1,0,2,-,-,-,-,-,2,1,-,-,-,-,-,-,-,-,-,-,-,-,-,-,-,638,
Benchmark00043,Java to C,nativemethod,1,0,3,-,-,-,-,-,3,1,-,-,-,-,-,-,-,-,-,-,-,-,-,-,-,645,
Benchmark00044,Java to C,nativemethod,1,0,4,-,-,-,-,-,4,1,-,-,-,-,-,-,-,-,-,-,-,-,-,-,-,890,
Benchmark00045,Java to C,nativemethod,1,0,5,-,-,-,-,-,5,1,-,-,-,-,-,-,-,-,-,-,-,-,-,-,-,1512,
Benchmark00046,Java to C,nativemethod,1,0,6,-,-,-,-,-,6,1,-,-,-,-,-,-,-,-,-,-,-,-,-,-,-,788,
Benchmark00047,Java to C,nativemethod,1,0,7,-,-,-,-,-,7,1,-,-,-,-,-,-,-,-,-,-,-,-,-,-,-,729,
Benchmark00048,Java to C,nativemethod,1,0,8,-,-,-,-,-,8,1,-,-,-,-,-,-,-,-,-,-,-,-,-,-,-,788,
Benchmark00049,Java to C,nativemethod,1,0,9,-,-,-,-,-,9,1,-,-,-,-,-,-,-,-,-,-,-,-,-,-,-,747,
Benchmark00050,Java to C,nativemethod,1,0,10,-,-,-,-,-,10,1,-,-,-,-,-,-,-,-,-,-,-,-,-,-,-,769,
Benchmark00051,Java to C,nativemethod,1,0,11,-,-,-,-,-,11,1,-,-,-,-,-,-,-,-,-,-,-,-,-,-,-,788,
Benchmark00052,Java to C,nativemethod,1,0,12,-,-,-,-,-,12,1,-,-,-,-,-,-,-,-,-,-,-,-,-,-,-,835,
Benchmark00053,Java to C,nativemethod,1,0,13,-,-,-,-,-,13,1,-,-,-,-,-,-,-,-,-,-,-,-,-,-,-,809,
Benchmark00054,Java to C,nativemethod,1,0,14,-,-,-,-,-,14,1,-,-,-,-,-,-,-,-,-,-,-,-,-,-,-,790,
Benchmark00055,Java to C,nativemethod,1,0,15,-,-,-,-,-,15,1,-,-,-,-,-,-,-,-,-,-,-,-,-,-,-,811,
Benchmark00056,Java to C,nativemethod,1,0,16,-,-,-,-,-,16,1,-,-,-,-,-,-,-,-,-,-,-,-,-,-,-,859,
Benchmark00057,Java to C,nativemethod,1,0,17,-,-,-,-,-,17,1,-,-,-,-,-,-,-,-,-,-,-,-,-,-,-,864,
Benchmark00058,Java to C,nativemethod,1,0,18,-,-,-,-,-,18,1,-,-,-,-,-,-,-,-,-,-,-,-,-,-,-,924,
Benchmark00059,Java to C,nativemethod,1,0,19,-,-,-,-,-,19,1,-,-,-,-,-,-,-,-,-,-,-,-,-,-,-,892,
Benchmark00060,Java to C,nativemethod,1,0,20,-,-,-,-,-,20,1,-,-,-,-,-,-,-,-,-,-,-,-,-,-,-,823,
Benchmark00061,Java to C,nativemethod,1,0,1,-,1,-,-,-,-,1,-,-,-,-,-,-,-,-,-,-,-,-,-,-,-,677,
Benchmark00062,Java to C,nativemethod,1,0,2,-,2,-,-,-,-,1,-,-,-,-,-,-,-,-,-,-,-,-,-,-,-,681,
Benchmark00063,Java to C,nativemethod,1,0,3,-,3,-,-,-,-,1,-,-,-,-,-,-,-,-,-,-,-,-,-,-,-,677,
Benchmark00064,Java to C,nativemethod,1,0,4,-,4,-,-,-,-,1,-,-,-,-,-,-,-,-,-,-,-,-,-,-,-,750,
Benchmark00065,Java to C,nativemethod,1,0,5,-,5,-,-,-,-,1,-,-,-,-,-,-,-,-,-,-,-,-,-,-,-,740,
Benchmark00066,Java to C,nativemethod,1,0,6,-,6,-,-,-,-,1,-,-,-,-,-,-,-,-,-,-,-,-,-,-,-,721,
Benchmark00067,Java to C,nativemethod,1,0,7,-,7,-,-,-,-,1,-,-,-,-,-,-,-,-,-,-,-,-,-,-,-,714,
Benchmark00068,Java to C,nativemethod,1,0,8,-,8,-,-,-,-,1,-,-,-,-,-,-,-,-,-,-,-,-,-,-,-,821,
Benchmark00069,Java to C,nativemethod,1,0,9,-,9,-,-,-,-,1,-,-,-,-,-,-,-,-,-,-,-,-,-,-,-,750,
Benchmark00070,Java to C,nativemethod,1,0,10,-,10,-,-,-,-,1,-,-,-,-,-,-,-,-,-,-,-,-,-,-,-,775,
Benchmark00071,Java to C,nativemethod,1,0,11,-,11,-,-,-,-,1,-,-,-,-,-,-,-,-,-,-,-,-,-,-,-,760,
Benchmark00072,Java to C,nativemethod,1,0,12,-,12,-,-,-,-,1,-,-,-,-,-,-,-,-,-,-,-,-,-,-,-,1183,
Benchmark00073,Java to C,nativemethod,1,0,13,-,13,-,-,-,-,1,-,-,-,-,-,-,-,-,-,-,-,-,-,-,-,1074,
Benchmark00074,Java to C,nativemethod,1,0,14,-,14,-,-,-,-,1,-,-,-,-,-,-,-,-,-,-,-,-,-,-,-,1098,
Benchmark00075,Java to C,nativemethod,1,0,15,-,15,-,-,-,-,1,-,-,-,-,-,-,-,-,-,-,-,-,-,-,-,1066,
Benchmark00076,Java to C,nativemethod,1,0,16,-,16,-,-,-,-,1,-,-,-,-,-,-,-,-,-,-,-,-,-,-,-,1089,
Benchmark00077,Java to C,nativemethod,1,0,17,-,17,-,-,-,-,1,-,-,-,-,-,-,-,-,-,-,-,-,-,-,-,1140,
Benchmark00078,Java to C,nativemethod,1,0,18,-,18,-,-,-,-,1,-,-,-,-,-,-,-,-,-,-,-,-,-,-,-,1121,
Benchmark00079,Java to C,nativemethod,1,0,19,-,19,-,-,-,-,1,-,-,-,-,-,-,-,-,-,-,-,-,-,-,-,1124,
Benchmark00080,Java to C,nativemethod,1,0,20,-,20,-,-,-,-,1,-,-,-,-,-,-,-,-,-,-,-,-,-,-,-,1189,
Benchmark00081,Java to C,nativemethod,1,0,1,-,-,-,-,-,-,1,-,1,-,-,-,-,-,-,-,-,-,-,-,-,-,917,
Benchmark00082,Java to C,nativemethod,1,0,2,-,-,-,-,-,-,1,-,2,-,-,-,-,-,-,-,-,-,-,-,-,-,922,
Benchmark00083,Java to C,nativemethod,1,0,3,-,-,-,-,-,-,1,-,3,-,-,-,-,-,-,-,-,-,-,-,-,-,967,
Benchmark00084,Java to C,nativemethod,1,0,4,-,-,-,-,-,-,1,-,4,-,-,-,-,-,-,-,-,-,-,-,-,-,960,
Benchmark00085,Java to C,nativemethod,1,0,5,-,-,-,-,-,-,1,-,5,-,-,-,-,-,-,-,-,-,-,-,-,-,1045,
Benchmark00086,Java to C,nativemethod,1,0,6,-,-,-,-,-,-,1,-,6,-,-,-,-,-,-,-,-,-,-,-,-,-,1131,
Benchmark00087,Java to C,nativemethod,1,0,7,-,-,-,-,-,-,1,-,7,-,-,-,-,-,-,-,-,-,-,-,-,-,1053,
Benchmark00088,Java to C,nativemethod,1,0,8,-,-,-,-,-,-,1,-,8,-,-,-,-,-,-,-,-,-,-,-,-,-,1087,
Benchmark00089,Java to C,nativemethod,1,0,9,-,-,-,-,-,-,1,-,9,-,-,-,-,-,-,-,-,-,-,-,-,-,1152,
Benchmark00090,Java to C,nativemethod,1,0,10,-,-,-,-,-,-,1,-,10,-,-,-,-,-,-,-,-,-,-,-,-,-,1145,
Benchmark00091,Java to C,nativemethod,1,0,11,-,-,-,-,-,-,1,-,11,-,-,-,-,-,-,-,-,-,-,-,-,-,1149,
Benchmark00092,Java to C,nativemethod,1,0,12,-,-,-,-,-,-,1,-,12,-,-,-,-,-,-,-,-,-,-,-,-,-,1231,
Benchmark00093,Java to C,nativemethod,1,0,13,-,-,-,-,-,-,1,-,13,-,-,-,-,-,-,-,-,-,-,-,-,-,1393,
Benchmark00094,Java to C,nativemethod,1,0,14,-,-,-,-,-,-,1,-,14,-,-,-,-,-,-,-,-,-,-,-,-,-,1483,
Benchmark00095,Java to C,nativemethod,1,0,15,-,-,-,-,-,-,1,-,15,-,-,-,-,-,-,-,-,-,-,-,-,-,1469,
Benchmark00096,Java to C,nativemethod,1,0,16,-,-,-,-,-,-,1,-,16,-,-,-,-,-,-,-,-,-,-,-,-,-,1533,
Benchmark00097,Java to C,nativemethod,1,0,17,-,-,-,-,-,-,1,-,17,-,-,-,-,-,-,-,-,-,-,-,-,-,1514,
Benchmark00098,Java to C,nativemethod,1,0,18,-,-,-,-,-,-,1,-,18,-,-,-,-,-,-,-,-,-,-,-,-,-,1590,
Benchmark00099,Java to C,nativemethod,1,0,19,-,-,-,-,-,-,1,-,19,-,-,-,-,-,-,-,-,-,-,-,-,-,1611,
Benchmark00100,Java to C,nativemethod,1,0,20,-,-,-,-,-,-,1,-,20,-,-,-,-,-,-,-,-,-,-,-,-,-,1674,
Benchmark00101,Java to C,nativemethod,1,0,1,-,-,-,-,-,-,1,-,-,-,1,-,-,-,-,-,-,-,-,-,-,-,874,
Benchmark00102,Java to C,nativemethod,1,0,2,-,-,-,-,-,-,1,-,-,-,2,-,-,-,-,-,-,-,-,-,-,-,870,
Benchmark00103,Java to C,nativemethod,1,0,3,-,-,-,-,-,-,1,-,-,-,3,-,-,-,-,-,-,-,-,-,-,-,939,
Benchmark00104,Java to C,nativemethod,1,0,4,-,-,-,-,-,-,1,-,-,-,4,-,-,-,-,-,-,-,-,-,-,-,927,
Benchmark00105,Java to C,nativemethod,1,0,5,-,-,-,-,-,-,1,-,-,-,5,-,-,-,-,-,-,-,-,-,-,-,1031,
Benchmark00106,Java to C,nativemethod,1,0,6,-,-,-,-,-,-,1,-,-,-,6,-,-,-,-,-,-,-,-,-,-,-,950,
Benchmark00107,Java to C,nativemethod,1,0,7,-,-,-,-,-,-,1,-,-,-,7,-,-,-,-,-,-,-,-,-,-,-,898,
Benchmark00108,Java to C,nativemethod,1,0,8,-,-,-,-,-,-,1,-,-,-,8,-,-,-,-,-,-,-,-,-,-,-,885,
Benchmark00109,Java to C,nativemethod,1,0,9,-,-,-,-,-,-,1,-,-,-,9,-,-,-,-,-,-,-,-,-,-,-,993,
Benchmark00110,Java to C,nativemethod,1,0,10,-,-,-,-,-,-,1,-,-,-,10,-,-,-,-,-,-,-,-,-,-,-,1396,
Benchmark00111,Java to C,nativemethod,1,0,11,-,-,-,-,-,-,1,-,-,-,11,-,-,-,-,-,-,-,-,-,-,-,994,
Benchmark00112,Java to C,nativemethod,1,0,12,-,-,-,-,-,-,1,-,-,-,12,-,-,-,-,-,-,-,-,-,-,-,1038,
Benchmark00113,Java to C,nativemethod,1,0,13,-,-,-,-,-,-,1,-,-,-,13,-,-,-,-,-,-,-,-,-,-,-,984,
Benchmark00114,Java to C,nativemethod,1,0,14,-,-,-,-,-,-,1,-,-,-,14,-,-,-,-,-,-,-,-,-,-,-,1018,
Benchmark00115,Java to C,nativemethod,1,0,15,-,-,-,-,-,-,1,-,-,-,15,-,-,-,-,-,-,-,-,-,-,-,1078,
Benchmark00116,Java to C,nativemethod,1,0,16,-,-,-,-,-,-,1,-,-,-,16,-,-,-,-,-,-,-,-,-,-,-,1019,
Benchmark00117,Java to C,nativemethod,1,0,17,-,-,-,-,-,-,1,-,-,-,17,-,-,-,-,-,-,-,-,-,-,-,1029,
Benchmark00118,Java to C,nativemethod,1,0,18,-,-,-,-,-,-,1,-,-,-,18,-,-,-,-,-,-,-,-,-,-,-,1081,
Benchmark00119,Java to C,nativemethod,1,0,19,-,-,-,-,-,-,1,-,-,-,19,-,-,-,-,-,-,-,-,-,-,-,1045,
Benchmark00120,Java to C,nativemethod,1,0,20,-,-,-,-,-,-,1,-,-,-,20,-,-,-,-,-,-,-,-,-,-,-,1055,
Benchmark00121,Java to C,nativemethod,1,0,1,-,-,-,-,-,-,1,-,-,-,-,-,1,-,-,-,-,-,-,-,-,-,868,
Benchmark00122,Java to C,nativemethod,1,0,2,-,-,-,-,-,-,1,-,-,-,-,-,2,-,-,-,-,-,-,-,-,-,836,
Benchmark00123,Java to C,nativemethod,1,0,3,-,-,-,-,-,-,1,-,-,-,-,-,3,-,-,-,-,-,-,-,-,-,841,
Benchmark00124,Java to C,nativemethod,1,0,4,-,-,-,-,-,-,1,-,-,-,-,-,4,-,-,-,-,-,-,-,-,-,858,
Benchmark00125,Java to C,nativemethod,1,0,5,-,-,-,-,-,-,1,-,-,-,-,-,5,-,-,-,-,-,-,-,-,-,923,
Benchmark00126,Java to C,nativemethod,1,0,6,-,-,-,-,-,-,1,-,-,-,-,-,6,-,-,-,-,-,-,-,-,-,915,
Benchmark00127,Java to C,nativemethod,1,0,7,-,-,-,-,-,-,1,-,-,-,-,-,7,-,-,-,-,-,-,-,-,-,896,
Benchmark00128,Java to C,nativemethod,1,0,8,-,-,-,-,-,-,1,-,-,-,-,-,8,-,-,-,-,-,-,-,-,-,942,
Benchmark00129,Java to C,nativemethod,1,0,9,-,-,-,-,-,-,1,-,-,-,-,-,9,-,-,-,-,-,-,-,-,-,952,
Benchmark00130,Java to C,nativemethod,1,0,10,-,-,-,-,-,-,1,-,-,-,-,-,10,-,-,-,-,-,-,-,-,-,989,
Benchmark00131,Java to C,nativemethod,1,0,11,-,-,-,-,-,-,1,-,-,-,-,-,11,-,-,-,-,-,-,-,-,-,1061,
Benchmark00132,Java to C,nativemethod,1,0,12,-,-,-,-,-,-,1,-,-,-,-,-,12,-,-,-,-,-,-,-,-,-,1001,
Benchmark00133,Java to C,nativemethod,1,0,13,-,-,-,-,-,-,1,-,-,-,-,-,13,-,-,-,-,-,-,-,-,-,1005,
Benchmark00134,Java to C,nativemethod,1,0,14,-,-,-,-,-,-,1,-,-,-,-,-,14,-,-,-,-,-,-,-,-,-,1045,
Benchmark00135,Java to C,nativemethod,1,0,15,-,-,-,-,-,-,1,-,-,-,-,-,15,-,-,-,-,-,-,-,-,-,1014,
Benchmark00136,Java to C,nativemethod,1,0,16,-,-,-,-,-,-,1,-,-,-,-,-,16,-,-,-,-,-,-,-,-,-,1075,
Benchmark00137,Java to C,nativemethod,1,0,17,-,-,-,-,-,-,1,-,-,-,-,-,17,-,-,-,-,-,-,-,-,-,1079,
Benchmark00138,Java to C,nativemethod,1,0,18,-,-,-,-,-,-,1,-,-,-,-,-,18,-,-,-,-,-,-,-,-,-,1085,
Benchmark00139,Java to C,nativemethod,1,0,19,-,-,-,-,-,-,1,-,-,-,-,-,19,-,-,-,-,-,-,-,-,-,1058,
Benchmark00140,Java to C,nativemethod,1,0,20,-,-,-,-,-,-,1,-,-,-,-,-,20,-,-,-,-,-,-,-,-,-,1106,
Benchmark00141,Java to C,nativemethod,1,0,1,-,-,-,-,-,-,1,-,-,1,-,-,-,-,-,-,-,-,-,-,-,-,1131,
Benchmark00142,Java to C,nativemethod,1,0,2,-,-,-,-,-,-,1,-,-,2,-,-,-,-,-,-,-,-,-,-,-,-,1490,
Benchmark00143,Java to C,nativemethod,1,0,3,-,-,-,-,-,-,1,-,-,3,-,-,-,-,-,-,-,-,-,-,-,-,1662,
Benchmark00144,Java to C,nativemethod,1,0,4,-,-,-,-,-,-,1,-,-,4,-,-,-,-,-,-,-,-,-,-,-,-,1989,
Benchmark00145,Java to C,nativemethod,1,0,5,-,-,-,-,-,-,1,-,-,5,-,-,-,-,-,-,-,-,-,-,-,-,2198,
Benchmark00146,Java to C,nativemethod,1,0,6,-,-,-,-,-,-,1,-,-,6,-,-,-,-,-,-,-,-,-,-,-,-,2525,
Benchmark00147,Java to C,nativemethod,1,0,7,-,-,-,-,-,-,1,-,-,7,-,-,-,-,-,-,-,-,-,-,-,-,2856,
Benchmark00148,Java to C,nativemethod,1,0,8,-,-,-,-,-,-,1,-,-,8,-,-,-,-,-,-,-,-,-,-,-,-,3075,
Benchmark00149,Java to C,nativemethod,1,0,9,-,-,-,-,-,-,1,-,-,9,-,-,-,-,-,-,-,-,-,-,-,-,3491,
Benchmark00150,Java to C,nativemethod,1,0,10,-,-,-,-,-,-,1,-,-,10,-,-,-,-,-,-,-,-,-,-,-,-,3735,
Benchmark00151,Java to C,nativemethod,1,0,11,-,-,-,-,-,-,1,-,-,11,-,-,-,-,-,-,-,-,-,-,-,-,3961,
Benchmark00152,Java to C,nativemethod,1,0,12,-,-,-,-,-,-,1,-,-,12,-,-,-,-,-,-,-,-,-,-,-,-,4229,
Benchmark00153,Java to C,nativemethod,1,0,13,-,-,-,-,-,-,1,-,-,13,-,-,-,-,-,-,-,-,-,-,-,-,4502,
Benchmark00154,Java to C,nativemethod,1,0,14,-,-,-,-,-,-,1,-,-,14,-,-,-,-,-,-,-,-,-,-,-,-,4790,
Benchmark00155,Java to C,nativemethod,1,0,15,-,-,-,-,-,-,1,-,-,15,-,-,-,-,-,-,-,-,-,-,-,-,5103,
Benchmark00156,Java to C,nativemethod,1,0,16,-,-,-,-,-,-,1,-,-,16,-,-,-,-,-,-,-,-,-,-,-,-,5323,
Benchmark00157,Java to C,nativemethod,1,0,17,-,-,-,-,-,-,1,-,-,17,-,-,-,-,-,-,-,-,-,-,-,-,5567,
Benchmark00158,Java to C,nativemethod,1,0,18,-,-,-,-,-,-,1,-,-,18,-,-,-,-,-,-,-,-,-,-,-,-,5937,
Benchmark00159,Java to C,nativemethod,1,0,19,-,-,-,-,-,-,1,-,-,19,-,-,-,-,-,-,-,-,-,-,-,-,6191,
Benchmark00160,Java to C,nativemethod,1,0,20,-,-,-,-,-,-,1,-,-,20,-,-,-,-,-,-,-,-,-,-,-,-,6399,
Benchmark00161,Java to C,nativemethod,1,0,1,-,-,-,-,-,-,1,-,-,-,-,-,-,-,-,-,-,-,-,1,-,-,892,
Benchmark00162,Java to C,nativemethod,1,0,2,-,-,-,-,-,-,1,-,-,-,-,-,-,-,-,-,-,-,-,2,-,-,863,
Benchmark00163,Java to C,nativemethod,1,0,3,-,-,-,-,-,-,1,-,-,-,-,-,-,-,-,-,-,-,-,3,-,-,877,
Benchmark00164,Java to C,nativemethod,1,0,4,-,-,-,-,-,-,1,-,-,-,-,-,-,-,-,-,-,-,-,4,-,-,945,
Benchmark00165,Java to C,nativemethod,1,0,5,-,-,-,-,-,-,1,-,-,-,-,-,-,-,-,-,-,-,-,5,-,-,965,
Benchmark00166,Java to C,nativemethod,1,0,6,-,-,-,-,-,-,1,-,-,-,-,-,-,-,-,-,-,-,-,6,-,-,1000,
Benchmark00167,Java to C,nativemethod,1,0,7,-,-,-,-,-,-,1,-,-,-,-,-,-,-,-,-,-,-,-,7,-,-,1062,
Benchmark00168,Java to C,nativemethod,1,0,8,-,-,-,-,-,-,1,-,-,-,-,-,-,-,-,-,-,-,-,8,-,-,1017,
Benchmark00169,Java to C,nativemethod,1,0,9,-,-,-,-,-,-,1,-,-,-,-,-,-,-,-,-,-,-,-,9,-,-,1045,
Benchmark00170,Java to C,nativemethod,1,0,10,-,-,-,-,-,-,1,-,-,-,-,-,-,-,-,-,-,-,-,10,-,-,1113,
Benchmark00171,Java to C,nativemethod,1,0,11,-,-,-,-,-,-,1,-,-,-,-,-,-,-,-,-,-,-,-,11,-,-,1081,
Benchmark00172,Java to C,nativemethod,1,0,12,-,-,-,-,-,-,1,-,-,-,-,-,-,-,-,-,-,-,-,12,-,-,1103,
Benchmark00173,Java to C,nativemethod,1,0,13,-,-,-,-,-,-,1,-,-,-,-,-,-,-,-,-,-,-,-,13,-,-,1429,
Benchmark00174,Java to C,nativemethod,1,0,14,-,-,-,-,-,-,1,-,-,-,-,-,-,-,-,-,-,-,-,14,-,-,1367,
Benchmark00175,Java to C,nativemethod,1,0,15,-,-,-,-,-,-,1,-,-,-,-,-,-,-,-,-,-,-,-,15,-,-,1427,
Benchmark00176,Java to C,nativemethod,1,0,16,-,-,-,-,-,-,1,-,-,-,-,-,-,-,-,-,-,-,-,16,-,-,1388,
Benchmark00177,Java to C,nativemethod,1,0,17,-,-,-,-,-,-,1,-,-,-,-,-,-,-,-,-,-,-,-,17,-,-,1462,
Benchmark00178,Java to C,nativemethod,1,0,18,-,-,-,-,-,-,1,-,-,-,-,-,-,-,-,-,-,-,-,18,-,-,1471,
Benchmark00179,Java to C,nativemethod,1,0,19,-,-,-,-,-,-,1,-,-,-,-,-,-,-,-,-,-,-,-,19,-,-,1542,
Benchmark00180,Java to C,nativemethod,1,0,20,-,-,-,-,-,-,1,-,-,-,-,-,-,-,-,-,-,-,-,20,-,-,1555,
Benchmark00181,Java to C,nativemethod,1,0,1,-,-,-,-,-,-,1,-,-,-,-,-,-,-,-,1,-,-,-,-,-,-,1129,
Benchmark00182,Java to C,nativemethod,1,0,2,-,-,-,-,-,-,1,-,-,-,-,-,-,-,-,2,-,-,-,-,-,-,1427,
Benchmark00183,Java to C,nativemethod,1,0,3,-,-,-,-,-,-,1,-,-,-,-,-,-,-,-,3,-,-,-,-,-,-,1647,
Benchmark00184,Java to C,nativemethod,1,0,4,-,-,-,-,-,-,1,-,-,-,-,-,-,-,-,4,-,-,-,-,-,-,3138,
Benchmark00185,Java to C,nativemethod,1,0,5,-,-,-,-,-,-,1,-,-,-,-,-,-,-,-,5,-,-,-,-,-,-,2467,
Benchmark00186,Java to C,nativemethod,1,0,6,-,-,-,-,-,-,1,-,-,-,-,-,-,-,-,6,-,-,-,-,-,-,2677,
Benchmark00187,Java to C,nativemethod,1,0,7,-,-,-,-,-,-,1,-,-,-,-,-,-,-,-,7,-,-,-,-,-,-,2961,
Benchmark00188,Java to C,nativemethod,1,0,8,-,-,-,-,-,-,1,-,-,-,-,-,-,-,-,8,-,-,-,-,-,-,3271,
Benchmark00189,Java to C,nativemethod,1,0,9,-,-,-,-,-,-,1,-,-,-,-,-,-,-,-,9,-,-,-,-,-,-,3562,
Benchmark00190,Java to C,nativemethod,1,0,10,-,-,-,-,-,-,1,-,-,-,-,-,-,-,-,10,-,-,-,-,-,-,3926,
Benchmark00191,Java to C,nativemethod,1,0,11,-,-,-,-,-,-,1,-,-,-,-,-,-,-,-,11,-,-,-,-,-,-,4174,
Benchmark00192,Java to C,nativemethod,1,0,12,-,-,-,-,-,-,1,-,-,-,-,-,-,-,-,12,-,-,-,-,-,-,4551,
Benchmark00193,Java to C,nativemethod,1,0,13,-,-,-,-,-,-,1,-,-,-,-,-,-,-,-,13,-,-,-,-,-,-,4745,
Benchmark00194,Java to C,nativemethod,1,0,14,-,-,-,-,-,-,1,-,-,-,-,-,-,-,-,14,-,-,-,-,-,-,5024,
Benchmark00195,Java to C,nativemethod,1,0,15,-,-,-,-,-,-,1,-,-,-,-,-,-,-,-,15,-,-,-,-,-,-,5324,
Benchmark00196,Java to C,nativemethod,1,0,16,-,-,-,-,-,-,1,-,-,-,-,-,-,-,-,16,-,-,-,-,-,-,5682,
Benchmark00197,Java to C,nativemethod,1,0,17,-,-,-,-,-,-,1,-,-,-,-,-,-,-,-,17,-,-,-,-,-,-,5984,
Benchmark00198,Java to C,nativemethod,1,0,18,-,-,-,-,-,-,1,-,-,-,-,-,-,-,-,18,-,-,-,-,-,-,6341,
Benchmark00199,Java to C,nativemethod,1,0,19,-,-,-,-,-,-,1,-,-,-,-,-,-,-,-,19,-,-,-,-,-,-,6649,
Benchmark00200,Java to C,nativemethod,1,0,20,-,-,-,-,-,-,1,-,-,-,-,-,-,-,-,20,-,-,-,-,-,-,6481,
Benchmark00201,Java to C,nativemethod,1,0,1,-,-,-,-,-,-,1,-,-,-,-,-,-,-,-,-,-,-,1,-,-,-,1172,
Benchmark00202,Java to C,nativemethod,1,0,2,-,-,-,-,-,-,1,-,-,-,-,-,-,-,-,-,-,-,2,-,-,-,1394,
Benchmark00203,Java to C,nativemethod,1,0,3,-,-,-,-,-,-,1,-,-,-,-,-,-,-,-,-,-,-,3,-,-,-,1708,
Benchmark00204,Java to C,nativemethod,1,0,4,-,-,-,-,-,-,1,-,-,-,-,-,-,-,-,-,-,-,4,-,-,-,1925,
Benchmark00205,Java to C,nativemethod,1,0,5,-,-,-,-,-,-,1,-,-,-,-,-,-,-,-,-,-,-,5,-,-,-,2285,
Benchmark00206,Java to C,nativemethod,1,0,6,-,-,-,-,-,-,1,-,-,-,-,-,-,-,-,-,-,-,6,-,-,-,2504,
Benchmark00207,Java to C,nativemethod,1,0,7,-,-,-,-,-,-,1,-,-,-,-,-,-,-,-,-,-,-,7,-,-,-,2851,
Benchmark00208,Java to C,nativemethod,1,0,8,-,-,-,-,-,-,1,-,-,-,-,-,-,-,-,-,-,-,8,-,-,-,3069,
Benchmark00209,Java to C,nativemethod,1,0,9,-,-,-,-,-,-,1,-,-,-,-,-,-,-,-,-,-,-,9,-,-,-,3370,
Benchmark00210,Java to C,nativemethod,1,0,10,-,-,-,-,-,-,1,-,-,-,-,-,-,-,-,-,-,-,10,-,-,-,3653,
Benchmark00211,Java to C,nativemethod,1,0,11,-,-,-,-,-,-,1,-,-,-,-,-,-,-,-,-,-,-,11,-,-,-,3935,
Benchmark00212,Java to C,nativemethod,1,0,12,-,-,-,-,-,-,1,-,-,-,-,-,-,-,-,-,-,-,12,-,-,-,4239,
Benchmark00213,Java to C,nativemethod,1,0,13,-,-,-,-,-,-,1,-,-,-,-,-,-,-,-,-,-,-,13,-,-,-,4487,
Benchmark00214,Java to C,nativemethod,1,0,14,-,-,-,-,-,-,1,-,-,-,-,-,-,-,-,-,-,-,14,-,-,-,4791,
Benchmark00215,Java to C,nativemethod,1,0,15,-,-,-,-,-,-,1,-,-,-,-,-,-,-,-,-,-,-,15,-,-,-,5084,
Benchmark00216,Java to C,nativemethod,1,0,16,-,-,-,-,-,-,1,-,-,-,-,-,-,-,-,-,-,-,16,-,-,-,5389,
Benchmark00217,Java to C,nativemethod,1,0,17,-,-,-,-,-,-,1,-,-,-,-,-,-,-,-,-,-,-,17,-,-,-,5687,
Benchmark00218,Java to C,nativemethod,1,0,18,-,-,-,-,-,-,1,-,-,-,-,-,-,-,-,-,-,-,18,-,-,-,5887,
Benchmark00219,Java to C,nativemethod,1,0,19,-,-,-,-,-,-,1,-,-,-,-,-,-,-,-,-,-,-,19,-,-,-,6180,
Benchmark00220,Java to C,nativemethod,1,0,20,-,-,-,-,-,-,1,-,-,-,-,-,-,-,-,-,-,-,20,-,-,-,6426,
Benchmark00221,Java to C,nativemethod,1,0,1,-,-,-,-,-,-,1,-,-,-,-,1,-,-,-,-,-,-,-,-,-,-,1128,
Benchmark00222,Java to C,nativemethod,1,0,2,-,-,-,-,-,-,1,-,-,-,-,2,-,-,-,-,-,-,-,-,-,-,1444,
Benchmark00223,Java to C,nativemethod,1,0,3,-,-,-,-,-,-,1,-,-,-,-,3,-,-,-,-,-,-,-,-,-,-,1638,
Benchmark00224,Java to C,nativemethod,1,0,4,-,-,-,-,-,-,1,-,-,-,-,4,-,-,-,-,-,-,-,-,-,-,1945,
Benchmark00225,Java to C,nativemethod,1,0,5,-,-,-,-,-,-,1,-,-,-,-,5,-,-,-,-,-,-,-,-,-,-,2234,
Benchmark00226,Java to C,nativemethod,1,0,6,-,-,-,-,-,-,1,-,-,-,-,6,-,-,-,-,-,-,-,-,-,-,2501,
Benchmark00227,Java to C,nativemethod,1,0,7,-,-,-,-,-,-,1,-,-,-,-,7,-,-,-,-,-,-,-,-,-,-,2716,
Benchmark00228,Java to C,nativemethod,1,0,8,-,-,-,-,-,-,1,-,-,-,-,8,-,-,-,-,-,-,-,-,-,-,3056,
Benchmark00229,Java to C,nativemethod,1,0,9,-,-,-,-,-,-,1,-,-,-,-,9,-,-,-,-,-,-,-,-,-,-,3404,
Benchmark00230,Java to C,nativemethod,1,0,10,-,-,-,-,-,-,1,-,-,-,-,10,-,-,-,-,-,-,-,-,-,-,3619,
Benchmark00231,Java to C,nativemethod,1,0,11,-,-,-,-,-,-,1,-,-,-,-,11,-,-,-,-,-,-,-,-,-,-,3905,
Benchmark00232,Java to C,nativemethod,1,0,12,-,-,-,-,-,-,1,-,-,-,-,12,-,-,-,-,-,-,-,-,-,-,4171,
Benchmark00233,Java to C,nativemethod,1,0,13,-,-,-,-,-,-,1,-,-,-,-,13,-,-,-,-,-,-,-,-,-,-,4475,
Benchmark00234,Java to C,nativemethod,1,0,14,-,-,-,-,-,-,1,-,-,-,-,14,-,-,-,-,-,-,-,-,-,-,4723,
Benchmark00235,Java to C,nativemethod,1,0,15,-,-,-,-,-,-,1,-,-,-,-,15,-,-,-,-,-,-,-,-,-,-,5037,
Benchmark00236,Java to C,nativemethod,1,0,16,-,-,-,-,-,-,1,-,-,-,-,16,-,-,-,-,-,-,-,-,-,-,5258,
Benchmark00237,Java to C,nativemethod,1,0,17,-,-,-,-,-,-,1,-,-,-,-,17,-,-,-,-,-,-,-,-,-,-,5569,
Benchmark00238,Java to C,nativemethod,1,0,18,-,-,-,-,-,-,1,-,-,-,-,18,-,-,-,-,-,-,-,-,-,-,6130,
Benchmark00239,Java to C,nativemethod,1,0,19,-,-,-,-,-,-,1,-,-,-,-,19,-,-,-,-,-,-,-,-,-,-,6464,
Benchmark00240,Java to C,nativemethod,1,0,20,-,-,-,-,-,-,1,-,-,-,-,20,-,-,-,-,-,-,-,-,-,-,6970,
Benchmark00241,Java to C,nativemethod,1,0,1,-,-,-,-,-,-,1,-,-,-,-,-,-,-,-,-,-,-,-,-,-,1,867,
Benchmark00242,Java to C,nativemethod,1,0,2,-,-,-,-,-,-,1,-,-,-,-,-,-,-,-,-,-,-,-,-,-,2,853,
Benchmark00243,Java to C,nativemethod,1,0,3,-,-,-,-,-,-,1,-,-,-,-,-,-,-,-,-,-,-,-,-,-,3,894,
Benchmark00244,Java to C,nativemethod,1,0,4,-,-,-,-,-,-,1,-,-,-,-,-,-,-,-,-,-,-,-,-,-,4,917,
Benchmark00245,Java to C,nativemethod,1,0,5,-,-,-,-,-,-,1,-,-,-,-,-,-,-,-,-,-,-,-,-,-,5,875,
Benchmark00246,Java to C,nativemethod,1,0,6,-,-,-,-,-,-,1,-,-,-,-,-,-,-,-,-,-,-,-,-,-,6,975,
Benchmark00247,Java to C,nativemethod,1,0,7,-,-,-,-,-,-,1,-,-,-,-,-,-,-,-,-,-,-,-,-,-,7,913,
Benchmark00248,Java to C,nativemethod,1,0,8,-,-,-,-,-,-,1,-,-,-,-,-,-,-,-,-,-,-,-,-,-,8,924,
Benchmark00249,Java to C,nativemethod,1,0,9,-,-,-,-,-,-,1,-,-,-,-,-,-,-,-,-,-,-,-,-,-,9,954,
Benchmark00250,Java to C,nativemethod,1,0,10,-,-,-,-,-,-,1,-,-,-,-,-,-,-,-,-,-,-,-,-,-,10,1028,
Benchmark00251,Java to C,nativemethod,1,0,11,-,-,-,-,-,-,1,-,-,-,-,-,-,-,-,-,-,-,-,-,-,11,973,
Benchmark00252,Java to C,nativemethod,1,0,12,-,-,-,-,-,-,1,-,-,-,-,-,-,-,-,-,-,-,-,-,-,12,985,
Benchmark00253,Java to C,nativemethod,1,0,13,-,-,-,-,-,-,1,-,-,-,-,-,-,-,-,-,-,-,-,-,-,13,1028,
Benchmark00254,Java to C,nativemethod,1,0,14,-,-,-,-,-,-,1,-,-,-,-,-,-,-,-,-,-,-,-,-,-,14,1033,
Benchmark00255,Java to C,nativemethod,1,0,15,-,-,-,-,-,-,1,-,-,-,-,-,-,-,-,-,-,-,-,-,-,15,1011,
Benchmark00256,Java to C,nativemethod,1,0,16,-,-,-,-,-,-,1,-,-,-,-,-,-,-,-,-,-,-,-,-,-,16,1079,
Benchmark00257,Java to C,nativemethod,1,0,17,-,-,-,-,-,-,1,-,-,-,-,-,-,-,-,-,-,-,-,-,-,17,1042,
Benchmark00258,Java to C,nativemethod,1,0,18,-,-,-,-,-,-,1,-,-,-,-,-,-,-,-,-,-,-,-,-,-,18,1052,
Benchmark00259,Java to C,nativemethod,1,0,19,-,-,-,-,-,-,1,-,-,-,-,-,-,-,-,-,-,-,-,-,-,19,1139,
Benchmark00260,Java to C,nativemethod,1,0,20,-,-,-,-,-,-,1,-,-,-,-,-,-,-,-,-,-,-,-,-,-,20,1269,
Benchmark00261,Java to C,nativemethod,1,0,1,1,-,-,-,-,-,1,-,-,-,-,-,-,-,-,-,-,-,-,-,-,-,1193,
Benchmark00262,Java to C,nativemethod,1,0,2,2,-,-,-,-,-,1,-,-,-,-,-,-,-,-,-,-,-,-,-,-,-,1399,
Benchmark00263,Java to C,nativemethod,1,0,3,3,-,-,-,-,-,1,-,-,-,-,-,-,-,-,-,-,-,-,-,-,-,1693,
Benchmark00264,Java to C,nativemethod,1,0,4,4,-,-,-,-,-,1,-,-,-,-,-,-,-,-,-,-,-,-,-,-,-,1953,
Benchmark00265,Java to C,nativemethod,1,0,5,5,-,-,-,-,-,1,-,-,-,-,-,-,-,-,-,-,-,-,-,-,-,2587,
Benchmark00266,Java to C,nativemethod,1,0,6,6,-,-,-,-,-,1,-,-,-,-,-,-,-,-,-,-,-,-,-,-,-,3238,
Benchmark00267,Java to C,nativemethod,1,0,7,7,-,-,-,-,-,1,-,-,-,-,-,-,-,-,-,-,-,-,-,-,-,3009,
Benchmark00268,Java to C,nativemethod,1,0,8,8,-,-,-,-,-,1,-,-,-,-,-,-,-,-,-,-,-,-,-,-,-,3253,
Benchmark00269,Java to C,nativemethod,1,0,9,9,-,-,-,-,-,1,-,-,-,-,-,-,-,-,-,-,-,-,-,-,-,3680,
Benchmark00270,Java to C,nativemethod,1,0,10,10,-,-,-,-,-,1,-,-,-,-,-,-,-,-,-,-,-,-,-,-,-,3974,
Benchmark00271,Java to C,nativemethod,1,0,11,11,-,-,-,-,-,1,-,-,-,-,-,-,-,-,-,-,-,-,-,-,-,4462,
Benchmark00272,Java to C,nativemethod,1,0,12,12,-,-,-,-,-,1,-,-,-,-,-,-,-,-,-,-,-,-,-,-,-,4534,
Benchmark00273,Java to C,nativemethod,1,0,13,13,-,-,-,-,-,1,-,-,-,-,-,-,-,-,-,-,-,-,-,-,-,4755,
Benchmark00274,Java to C,nativemethod,1,0,14,14,-,-,-,-,-,1,-,-,-,-,-,-,-,-,-,-,-,-,-,-,-,5139,
Benchmark00275,Java to C,nativemethod,1,0,15,15,-,-,-,-,-,1,-,-,-,-,-,-,-,-,-,-,-,-,-,-,-,5273,
Benchmark00276,Java to C,nativemethod,1,0,16,16,-,-,-,-,-,1,-,-,-,-,-,-,-,-,-,-,-,-,-,-,-,5640,
Benchmark00277,Java to C,nativemethod,1,0,17,17,-,-,-,-,-,1,-,-,-,-,-,-,-,-,-,-,-,-,-,-,-,6234,
Benchmark00278,Java to C,nativemethod,1,0,18,18,-,-,-,-,-,1,-,-,-,-,-,-,-,-,-,-,-,-,-,-,-,6286,
Benchmark00279,Java to C,nativemethod,1,0,19,19,-,-,-,-,-,1,-,-,-,-,-,-,-,-,-,-,-,-,-,-,-,7011,
Benchmark00280,Java to C,nativemethod,1,0,20,20,-,-,-,-,-,1,-,-,-,-,-,-,-,-,-,-,-,-,-,-,-,6605,
Benchmark00281,Java to C,nativemethod,1,0,1,-,-,-,-,-,-,1,-,-,-,-,-,-,-,-,-,-,1,-,-,-,-,1144,
Benchmark00282,Java to C,nativemethod,1,0,2,-,-,-,-,-,-,1,-,-,-,-,-,-,-,-,-,-,2,-,-,-,-,1474,
Benchmark00283,Java to C,nativemethod,1,0,3,-,-,-,-,-,-,1,-,-,-,-,-,-,-,-,-,-,3,-,-,-,-,1787,
Benchmark00284,Java to C,nativemethod,1,0,4,-,-,-,-,-,-,1,-,-,-,-,-,-,-,-,-,-,4,-,-,-,-,3124,
Benchmark00285,Java to C,nativemethod,1,0,5,-,-,-,-,-,-,1,-,-,-,-,-,-,-,-,-,-,5,-,-,-,-,2742,
Benchmark00286,Java to C,nativemethod,1,0,6,-,-,-,-,-,-,1,-,-,-,-,-,-,-,-,-,-,6,-,-,-,-,3038,
Benchmark00287,Java to C,nativemethod,1,0,7,-,-,-,-,-,-,1,-,-,-,-,-,-,-,-,-,-,7,-,-,-,-,2805,
Benchmark00288,Java to C,nativemethod,1,0,8,-,-,-,-,-,-,1,-,-,-,-,-,-,-,-,-,-,8,-,-,-,-,3115,
Benchmark00289,Java to C,nativemethod,1,0,9,-,-,-,-,-,-,1,-,-,-,-,-,-,-,-,-,-,9,-,-,-,-,3485,
Benchmark00290,Java to C,nativemethod,1,0,10,-,-,-,-,-,-,1,-,-,-,-,-,-,-,-,-,-,10,-,-,-,-,3675,
Benchmark00291,Java to C,nativemethod,1,0,11,-,-,-,-,-,-,1,-,-,-,-,-,-,-,-,-,-,11,-,-,-,-,4018,
Benchmark00292,Java to C,nativemethod,1,0,12,-,-,-,-,-,-,1,-,-,-,-,-,-,-,-,-,-,12,-,-,-,-,4229,
Benchmark00293,Java to C,nativemethod,1,0,13,-,-,-,-,-,-,1,-,-,-,-,-,-,-,-,-,-,13,-,-,-,-,4525,
Benchmark00294,Java to C,nativemethod,1,0,14,-,-,-,-,-,-,1,-,-,-,-,-,-,-,-,-,-,14,-,-,-,-,4867,
Benchmark00295,Java to C,nativemethod,1,0,15,-,-,-,-,-,-,1,-,-,-,-,-,-,-,-,-,-,15,-,-,-,-,5344,
Benchmark00296,Java to C,nativemethod,1,0,16,-,-,-,-,-,-,1,-,-,-,-,-,-,-,-,-,-,16,-,-,-,-,5296,
Benchmark00297,Java to C,nativemethod,1,0,17,-,-,-,-,-,-,1,-,-,-,-,-,-,-,-,-,-,17,-,-,-,-,5538,
Benchmark00298,Java to C,nativemethod,1,0,18,-,-,-,-,-,-,1,-,-,-,-,-,-,-,-,-,-,18,-,-,-,-,5936,
Benchmark00299,Java to C,nativemethod,1,0,19,-,-,-,-,-,-,1,-,-,-,-,-,-,-,-,-,-,19,-,-,-,-,6360,
Benchmark00300,Java to C,nativemethod,1,0,20,-,-,-,-,-,-,1,-,-,-,-,-,-,-,-,-,-,20,-,-,-,-,6259,
Benchmark00301,Java to C,nativemethod,1,0,1,-,-,-,-,-,-,1,-,-,-,-,-,-,-,1,-,-,-,-,-,-,-,1105,
Benchmark00302,Java to C,nativemethod,1,0,2,-,-,-,-,-,-,1,-,-,-,-,-,-,-,2,-,-,-,-,-,-,-,1402,
Benchmark00303,Java to C,nativemethod,1,0,3,-,-,-,-,-,-,1,-,-,-,-,-,-,-,3,-,-,-,-,-,-,-,1625,
Benchmark00304,Java to C,nativemethod,1,0,4,-,-,-,-,-,-,1,-,-,-,-,-,-,-,4,-,-,-,-,-,-,-,1850,
Benchmark00305,Java to C,nativemethod,1,0,5,-,-,-,-,-,-,1,-,-,-,-,-,-,-,5,-,-,-,-,-,-,-,3445,
Benchmark00306,Java to C,nativemethod,1,0,6,-,-,-,-,-,-,1,-,-,-,-,-,-,-,6,-,-,-,-,-,-,-,2652,
Benchmark00307,Java to C,nativemethod,1,0,7,-,-,-,-,-,-,1,-,-,-,-,-,-,-,7,-,-,-,-,-,-,-,2904,
Benchmark00308,Java to C,nativemethod,1,0,8,-,-,-,-,-,-,1,-,-,-,-,-,-,-,8,-,-,-,-,-,-,-,3174,
Benchmark00309,Java to C,nativemethod,1,0,9,-,-,-,-,-,-,1,-,-,-,-,-,-,-,9,-,-,-,-,-,-,-,3400,
Benchmark00310,Java to C,nativemethod,1,0,10,-,-,-,-,-,-,1,-,-,-,-,-,-,-,10,-,-,-,-,-,-,-,3648,
Benchmark00311,Java to C,nativemethod,1,0,11,-,-,-,-,-,-,1,-,-,-,-,-,-,-,11,-,-,-,-,-,-,-,3937,
Benchmark00312,Java to C,nativemethod,1,0,12,-,-,-,-,-,-,1,-,-,-,-,-,-,-,12,-,-,-,-,-,-,-,4190,
Benchmark00313,Java to C,nativemethod,1,0,13,-,-,-,-,-,-,1,-,-,-,-,-,-,-,13,-,-,-,-,-,-,-,4525,
Benchmark00314,Java to C,nativemethod,1,0,14,-,-,-,-,-,-,1,-,-,-,-,-,-,-,14,-,-,-,-,-,-,-,4748,
Benchmark00315,Java to C,nativemethod,1,0,15,-,-,-,-,-,-,1,-,-,-,-,-,-,-,15,-,-,-,-,-,-,-,5033,
Benchmark00316,Java to C,nativemethod,1,0,16,-,-,-,-,-,-,1,-,-,-,-,-,-,-,16,-,-,-,-,-,-,-,5242,
Benchmark00317,Java to C,nativemethod,1,0,17,-,-,-,-,-,-,1,-,-,-,-,-,-,-,17,-,-,-,-,-,-,-,5611,
Benchmark00318,Java to C,nativemethod,1,0,18,-,-,-,-,-,-,1,-,-,-,-,-,-,-,18,-,-,-,-,-,-,-,5892,
Benchmark00319,Java to C,nativemethod,1,0,19,-,-,-,-,-,-,1,-,-,-,-,-,-,-,19,-,-,-,-,-,-,-,6205,
Benchmark00320,Java to C,nativemethod,1,0,20,-,-,-,-,-,-,1,-,-,-,-,-,-,-,20,-,-,-,-,-,-,-,6598,
Benchmark00321,Java to C,nativemethod,1,0,1,-,-,1,-,-,-,1,-,-,-,-,-,-,-,-,-,-,-,-,-,-,-,1151,
Benchmark00322,Java to C,nativemethod,1,0,2,-,-,2,-,-,-,1,-,-,-,-,-,-,-,-,-,-,-,-,-,-,-,1308,
Benchmark00323,Java to C,nativemethod,1,0,3,-,-,3,-,-,-,1,-,-,-,-,-,-,-,-,-,-,-,-,-,-,-,1615,
Benchmark00324,Java to C,nativemethod,1,0,4,-,-,4,-,-,-,1,-,-,-,-,-,-,-,-,-,-,-,-,-,-,-,2276,
Benchmark00325,Java to C,nativemethod,1,0,5,-,-,5,-,-,-,1,-,-,-,-,-,-,-,-,-,-,-,-,-,-,-,4381,
Benchmark00326,Java to C,nativemethod,1,0,6,-,-,6,-,-,-,1,-,-,-,-,-,-,-,-,-,-,-,-,-,-,-,2528,
Benchmark00327,Java to C,nativemethod,1,0,7,-,-,7,-,-,-,1,-,-,-,-,-,-,-,-,-,-,-,-,-,-,-,2782,
Benchmark00328,Java to C,nativemethod,1,0,8,-,-,8,-,-,-,1,-,-,-,-,-,-,-,-,-,-,-,-,-,-,-,3177,
Benchmark00329,Java to C,nativemethod,1,0,9,-,-,9,-,-,-,1,-,-,-,-,-,-,-,-,-,-,-,-,-,-,-,3494,
Benchmark00330,Java to C,nativemethod,1,0,10,-,-,10,-,-,-,1,-,-,-,-,-,-,-,-,-,-,-,-,-,-,-,3712,
Benchmark00331,Java to C,nativemethod,1,0,11,-,-,11,-,-,-,1,-,-,-,-,-,-,-,-,-,-,-,-,-,-,-,3950,
Benchmark00332,Java to C,nativemethod,1,0,12,-,-,12,-,-,-,1,-,-,-,-,-,-,-,-,-,-,-,-,-,-,-,4270,
Benchmark00333,Java to C,nativemethod,1,0,13,-,-,13,-,-,-,1,-,-,-,-,-,-,-,-,-,-,-,-,-,-,-,4510,
Benchmark00334,Java to C,nativemethod,1,0,14,-,-,14,-,-,-,1,-,-,-,-,-,-,-,-,-,-,-,-,-,-,-,4839,
Benchmark00335,Java to C,nativemethod,1,0,15,-,-,15,-,-,-,1,-,-,-,-,-,-,-,-,-,-,-,-,-,-,-,4830,
Benchmark00336,Java to C,nativemethod,1,0,16,-,-,16,-,-,-,1,-,-,-,-,-,-,-,-,-,-,-,-,-,-,-,5319,
Benchmark00337,Java to C,nativemethod,1,0,17,-,-,17,-,-,-,1,-,-,-,-,-,-,-,-,-,-,-,-,-,-,-,6834,
Benchmark00338,Java to C,nativemethod,1,0,18,-,-,18,-,-,-,1,-,-,-,-,-,-,-,-,-,-,-,-,-,-,-,6388,
Benchmark00339,Java to C,nativemethod,1,0,19,-,-,19,-,-,-,1,-,-,-,-,-,-,-,-,-,-,-,-,-,-,-,6536,
Benchmark00340,Java to C,nativemethod,1,0,20,-,-,20,-,-,-,1,-,-,-,-,-,-,-,-,-,-,-,-,-,-,-,6885,
Benchmark00341,Java to C,nativemethod,1,0,1,-,-,-,1,-,-,1,-,-,-,-,-,-,-,-,-,-,-,-,-,-,-,930,
Benchmark00342,Java to C,nativemethod,1,0,2,-,-,-,2,-,-,1,-,-,-,-,-,-,-,-,-,-,-,-,-,-,-,872,
Benchmark00343,Java to C,nativemethod,1,0,3,-,-,-,3,-,-,1,-,-,-,-,-,-,-,-,-,-,-,-,-,-,-,906,
Benchmark00344,Java to C,nativemethod,1,0,4,-,-,-,4,-,-,1,-,-,-,-,-,-,-,-,-,-,-,-,-,-,-,966,
Benchmark00345,Java to C,nativemethod,1,0,5,-,-,-,5,-,-,1,-,-,-,-,-,-,-,-,-,-,-,-,-,-,-,990,
Benchmark00346,Java to C,nativemethod,1,0,6,-,-,-,6,-,-,1,-,-,-,-,-,-,-,-,-,-,-,-,-,-,-,959,
Benchmark00347,Java to C,nativemethod,1,0,7,-,-,-,7,-,-,1,-,-,-,-,-,-,-,-,-,-,-,-,-,-,-,999,
Benchmark00348,Java to C,nativemethod,1,0,8,-,-,-,8,-,-,1,-,-,-,-,-,-,-,-,-,-,-,-,-,-,-,947,
Benchmark00349,Java to C,nativemethod,1,0,9,-,-,-,9,-,-,1,-,-,-,-,-,-,-,-,-,-,-,-,-,-,-,1018,
Benchmark00350,Java to C,nativemethod,1,0,10,-,-,-,10,-,-,1,-,-,-,-,-,-,-,-,-,-,-,-,-,-,-,1118,
Benchmark00351,Java to C,nativemethod,1,0,11,-,-,-,11,-,-,1,-,-,-,-,-,-,-,-,-,-,-,-,-,-,-,1057,
Benchmark00352,Java to C,nativemethod,1,0,12,-,-,-,12,-,-,1,-,-,-,-,-,-,-,-,-,-,-,-,-,-,-,1117,
Benchmark00353,Java to C,nativemethod,1,0,13,-,-,-,13,-,-,1,-,-,-,-,-,-,-,-,-,-,-,-,-,-,-,1101,
Benchmark00354,Java to C,nativemethod,1,0,14,-,-,-,14,-,-,1,-,-,-,-,-,-,-,-,-,-,-,-,-,-,-,1089,
Benchmark00355,Java to C,nativemethod,1,0,15,-,-,-,15,-,-,1,-,-,-,-,-,-,-,-,-,-,-,-,-,-,-,1073,
Benchmark00356,Java to C,nativemethod,1,0,16,-,-,-,16,-,-,1,-,-,-,-,-,-,-,-,-,-,-,-,-,-,-,1079,
Benchmark00357,Java to C,nativemethod,1,0,17,-,-,-,17,-,-,1,-,-,-,-,-,-,-,-,-,-,-,-,-,-,-,1043,
Benchmark00358,Java to C,nativemethod,1,0,18,-,-,-,18,-,-,1,-,-,-,-,-,-,-,-,-,-,-,-,-,-,-,1041,
Benchmark00359,Java to C,nativemethod,1,0,19,-,-,-,19,-,-,1,-,-,-,-,-,-,-,-,-,-,-,-,-,-,-,1109,
Benchmark00360,Java to C,nativemethod,1,0,20,-,-,-,20,-,-,1,-,-,-,-,-,-,-,-,-,-,-,-,-,-,-,1086,
Benchmark00361,Java to C,nativemethod,1,0,1,-,-,-,-,-,-,1,-,-,-,-,-,-,-,-,-,-,-,-,-,1,-,1199,
Benchmark00362,Java to C,nativemethod,1,0,2,-,-,-,-,-,-,1,-,-,-,-,-,-,-,-,-,-,-,-,-,2,-,1386,
Benchmark00363,Java to C,nativemethod,1,0,3,-,-,-,-,-,-,1,-,-,-,-,-,-,-,-,-,-,-,-,-,3,-,1692,
Benchmark00364,Java to C,nativemethod,1,0,4,-,-,-,-,-,-,1,-,-,-,-,-,-,-,-,-,-,-,-,-,4,-,2257,
Benchmark00365,Java to C,nativemethod,1,0,5,-,-,-,-,-,-,1,-,-,-,-,-,-,-,-,-,-,-,-,-,5,-,2267,
Benchmark00366,Java to C,nativemethod,1,0,6,-,-,-,-,-,-,1,-,-,-,-,-,-,-,-,-,-,-,-,-,6,-,2527,
Benchmark00367,Java to C,nativemethod,1,0,7,-,-,-,-,-,-,1,-,-,-,-,-,-,-,-,-,-,-,-,-,7,-,2810,
Benchmark00368,Java to C,nativemethod,1,0,8,-,-,-,-,-,-,1,-,-,-,-,-,-,-,-,-,-,-,-,-,8,-,3203,
Benchmark00369,Java to C,nativemethod,1,0,9,-,-,-,-,-,-,1,-,-,-,-,-,-,-,-,-,-,-,-,-,9,-,3569,
Benchmark00370,Java to C,nativemethod,1,0,10,-,-,-,-,-,-,1,-,-,-,-,-,-,-,-,-,-,-,-,-,10,-,3624,
Benchmark00371,Java to C,nativemethod,1,0,11,-,-,-,-,-,-,1,-,-,-,-,-,-,-,-,-,-,-,-,-,11,-,4087,
Benchmark00372,Java to C,nativemethod,1,0,12,-,-,-,-,-,-,1,-,-,-,-,-,-,-,-,-,-,-,-,-,12,-,4080,
Benchmark00373,Java to C,nativemethod,1,0,13,-,-,-,-,-,-,1,-,-,-,-,-,-,-,-,-,-,-,-,-,13,-,4301,
Benchmark00374,Java to C,nativemethod,1,0,14,-,-,-,-,-,-,1,-,-,-,-,-,-,-,-,-,-,-,-,-,14,-,4605,
Benchmark00375,Java to C,nativemethod,1,0,15,-,-,-,-,-,-,1,-,-,-,-,-,-,-,-,-,-,-,-,-,15,-,4802,
Benchmark00376,Java to C,nativemethod,1,0,16,-,-,-,-,-,-,1,-,-,-,-,-,-,-,-,-,-,-,-,-,16,-,5096,
Benchmark00377,Java to C,nativemethod,1,0,17,-,-,-,-,-,-,1,-,-,-,-,-,-,-,-,-,-,-,-,-,17,-,5383,
Benchmark00378,Java to C,nativemethod,1,0,18,-,-,-,-,-,-,1,-,-,-,-,-,-,-,-,-,-,-,-,-,18,-,5558,
Benchmark00379,Java to C,nativemethod,1,0,19,-,-,-,-,-,-,1,-,-,-,-,-,-,-,-,-,-,-,-,-,19,-,5827,
Benchmark00380,Java to C,nativemethod,1,0,20,-,-,-,-,-,-,1,-,-,-,-,-,-,-,-,-,-,-,-,-,20,-,6079,
Benchmark00381,Java to C,nativemethod,1,0,1,-,-,-,-,-,-,1,-,-,-,-,-,-,1,-,-,-,-,-,-,-,-,1203,
Benchmark00382,Java to C,nativemethod,1,0,2,-,-,-,-,-,-,1,-,-,-,-,-,-,2,-,-,-,-,-,-,-,-,1327,
Benchmark00383,Java to C,nativemethod,1,0,3,-,-,-,-,-,-,1,-,-,-,-,-,-,3,-,-,-,-,-,-,-,-,1635,
Benchmark00384,Java to C,nativemethod,1,0,4,-,-,-,-,-,-,1,-,-,-,-,-,-,4,-,-,-,-,-,-,-,-,1847,
Benchmark00385,Java to C,nativemethod,1,0,5,-,-,-,-,-,-,1,-,-,-,-,-,-,5,-,-,-,-,-,-,-,-,2149,
Benchmark00386,Java to C,nativemethod,1,0,6,-,-,-,-,-,-,1,-,-,-,-,-,-,6,-,-,-,-,-,-,-,-,2395,
Benchmark00387,Java to C,nativemethod,1,0,7,-,-,-,-,-,-,1,-,-,-,-,-,-,7,-,-,-,-,-,-,-,-,2693,
Benchmark00388,Java to C,nativemethod,1,0,8,-,-,-,-,-,-,1,-,-,-,-,-,-,8,-,-,-,-,-,-,-,-,2864,
Benchmark00389,Java to C,nativemethod,1,0,9,-,-,-,-,-,-,1,-,-,-,-,-,-,9,-,-,-,-,-,-,-,-,3258,
Benchmark00390,Java to C,nativemethod,1,0,10,-,-,-,-,-,-,1,-,-,-,-,-,-,10,-,-,-,-,-,-,-,-,3509,
Benchmark00391,Java to C,nativemethod,1,0,11,-,-,-,-,-,-,1,-,-,-,-,-,-,11,-,-,-,-,-,-,-,-,3782,
Benchmark00392,Java to C,nativemethod,1,0,12,-,-,-,-,-,-,1,-,-,-,-,-,-,12,-,-,-,-,-,-,-,-,5679,
Benchmark00393,Java to C,nativemethod,1,0,13,-,-,-,-,-,-,1,-,-,-,-,-,-,13,-,-,-,-,-,-,-,-,4517,
Benchmark00394,Java to C,nativemethod,1,0,14,-,-,-,-,-,-,1,-,-,-,-,-,-,14,-,-,-,-,-,-,-,-,4902,
Benchmark00395,Java to C,nativemethod,1,0,15,-,-,-,-,-,-,1,-,-,-,-,-,-,15,-,-,-,-,-,-,-,-,5080,
Benchmark00396,Java to C,nativemethod,1,0,16,-,-,-,-,-,-,1,-,-,-,-,-,-,16,-,-,-,-,-,-,-,-,5350,
Benchmark00397,Java to C,nativemethod,1,0,17,-,-,-,-,-,-,1,-,-,-,-,-,-,17,-,-,-,-,-,-,-,-,5597,
Benchmark00398,Java to C,nativemethod,1,0,18,-,-,-,-,-,-,1,-,-,-,-,-,-,18,-,-,-,-,-,-,-,-,5882,
Benchmark00399,Java to C,nativemethod,1,0,19,-,-,-,-,-,-,1,-,-,-,-,-,-,19,-,-,-,-,-,-,-,-,6135,
Benchmark00400,Java to C,nativemethod,1,0,20,-,-,-,-,-,-,1,-,-,-,-,-,-,20,-,-,-,-,-,-,-,-,6586,
Benchmark00401,Java to C,nativemethod,1,0,1,-,-,-,-,-,-,1,1,-,-,-,-,-,-,-,-,-,-,-,-,-,-,1156,
Benchmark00402,Java to C,nativemethod,1,0,2,-,-,-,-,-,-,1,2,-,-,-,-,-,-,-,-,-,-,-,-,-,-,1470,
Benchmark00403,Java to C,nativemethod,1,0,3,-,-,-,-,-,-,1,3,-,-,-,-,-,-,-,-,-,-,-,-,-,-,1759,
Benchmark00404,Java to C,nativemethod,1,0,4,-,-,-,-,-,-,1,4,-,-,-,-,-,-,-,-,-,-,-,-,-,-,2134,
Benchmark00405,Java to C,nativemethod,1,0,5,-,-,-,-,-,-,1,5,-,-,-,-,-,-,-,-,-,-,-,-,-,-,2404,
Benchmark00406,Java to C,nativemethod,1,0,6,-,-,-,-,-,-,1,6,-,-,-,-,-,-,-,-,-,-,-,-,-,-,2695,
Benchmark00407,Java to C,nativemethod,1,0,7,-,-,-,-,-,-,1,7,-,-,-,-,-,-,-,-,-,-,-,-,-,-,2992,
Benchmark00408,Java to C,nativemethod,1,0,8,-,-,-,-,-,-,1,8,-,-,-,-,-,-,-,-,-,-,-,-,-,-,3628,
Benchmark00409,Java to C,nativemethod,1,0,9,-,-,-,-,-,-,1,9,-,-,-,-,-,-,-,-,-,-,-,-,-,-,3458,
Benchmark00410,Java to C,nativemethod,1,0,10,-,-,-,-,-,-,1,10,-,-,-,-,-,-,-,-,-,-,-,-,-,-,3681,
Benchmark00411,Java to C,nativemethod,1,0,11,-,-,-,-,-,-,1,11,-,-,-,-,-,-,-,-,-,-,-,-,-,-,3967,
Benchmark00412,Java to C,nativemethod,1,0,12,-,-,-,-,-,-,1,12,-,-,-,-,-,-,-,-,-,-,-,-,-,-,4296,
Benchmark00413,Java to C,nativemethod,1,0,13,-,-,-,-,-,-,1,13,-,-,-,-,-,-,-,-,-,-,-,-,-,-,4469,
Benchmark00414,Java to C,nativemethod,1,0,14,-,-,-,-,-,-,1,14,-,-,-,-,-,-,-,-,-,-,-,-,-,-,4941,
Benchmark00415,Java to C,nativemethod,1,0,15,-,-,-,-,-,-,1,15,-,-,-,-,-,-,-,-,-,-,-,-,-,-,5433,
Benchmark00416,Java to C,nativemethod,1,0,16,-,-,-,-,-,-,1,16,-,-,-,-,-,-,-,-,-,-,-,-,-,-,5383,
Benchmark00417,Java to C,nativemethod,1,0,17,-,-,-,-,-,-,1,17,-,-,-,-,-,-,-,-,-,-,-,-,-,-,5964,
Benchmark00418,Java to C,nativemethod,1,0,18,-,-,-,-,-,-,1,18,-,-,-,-,-,-,-,-,-,-,-,-,-,-,5837,
Benchmark00419,Java to C,nativemethod,1,0,19,-,-,-,-,-,-,1,19,-,-,-,-,-,-,-,-,-,-,-,-,-,-,6139,
Benchmark00420,Java to C,nativemethod,1,0,20,-,-,-,-,-,-,1,20,-,-,-,-,-,-,-,-,-,-,-,-,-,-,6608,
Benchmark00421,Java to C,nativemethod,1,0,1,-,-,-,-,-,-,1,-,-,-,-,-,-,-,-,-,1,-,-,-,-,-,1201,
Benchmark00422,Java to C,nativemethod,1,0,2,-,-,-,-,1,-,2,-,-,-,-,-,-,-,-,-,1,-,-,-,-,-,1417,
Benchmark00423,Java to C,nativemethod,1,0,3,-,-,-,-,1,1,3,-,-,-,-,-,-,-,-,-,1,-,-,-,-,-,1509,
Benchmark00424,Java to C,nativemethod,1,0,4,-,1,-,-,1,1,4,-,-,-,-,-,-,-,-,-,1,-,-,-,-,-,1497,
Benchmark00425,Java to C,nativemethod,1,0,5,-,1,-,-,1,1,5,-,1,-,-,-,-,-,-,-,1,-,-,-,-,-,1601,
Benchmark00426,Java to C,nativemethod,1,0,6,-,1,-,-,1,1,6,-,1,-,1,-,-,-,-,-,1,-,-,-,-,-,1585,
Benchmark00427,Java to C,nativemethod,1,0,7,-,1,-,-,1,1,7,-,1,-,1,-,1,-,-,-,1,-,-,-,-,-,1784,
Benchmark00428,Java to C,nativemethod,1,0,8,-,1,-,-,1,1,8,-,1,1,1,-,1,-,-,-,1,-,-,-,-,-,2022,
Benchmark00429,Java to C,nativemethod,1,0,9,-,1,-,-,1,1,9,-,1,1,1,-,1,-,-,-,1,-,-,1,-,-,2285,
Benchmark00430,Java to C,nativemethod,1,0,10,-,1,-,-,1,1,10,-,1,1,1,-,1,-,-,1,1,-,-,1,-,-,2401,
Benchmark00431,Java to C,nativemethod,1,0,11,-,1,-,-,1,1,11,-,1,1,1,-,1,-,-,1,1,-,1,1,-,-,2665,
Benchmark00432,Java to C,nativemethod,1,0,12,-,1,-,-,1,1,12,-,1,1,1,1,1,-,-,1,1,-,1,1,-,-,2974,
Benchmark00433,Java to C,nativemethod,1,0,13,-,1,-,-,1,1,13,-,1,1,1,1,1,-,-,1,1,-,1,1,-,1,2998,
Benchmark00434,Java to C,nativemethod,1,0,14,1,1,-,-,1,1,14,-,1,1,1,1,1,-,-,1,1,-,1,1,-,1,3292,
Benchmark00435,Java to C,nativemethod,1,0,15,1,1,-,-,1,1,15,-,1,1,1,1,1,-,-,1,1,1,1,1,-,1,3590,
Benchmark00436,Java to C,nativemethod,1,0,16,1,1,-,-,1,1,16,-,1,1,1,1,1,-,1,1,1,1,1,1,-,1,3857,
Benchmark00437,Java to C,nativemethod,1,0,17,1,1,1,-,1,1,17,-,1,1,1,1,1,-,1,1,1,1,1,1,-,1,4203,
Benchmark00438,Java to C,nativemethod,1,0,18,1,1,1,1,1,1,18,-,1,1,1,1,1,-,1,1,1,1,1,1,-,1,4262,
Benchmark00439,Java to C,nativemethod,1,0,19,1,1,1,1,1,1,19,-,1,1,1,1,1,-,1,1,1,1,1,1,1,1,4488,
Benchmark00440,Java to C,nativemethod,1,0,20,1,1,1,1,1,1,20,-,1,1,1,1,1,1,1,1,1,1,1,1,1,1,5102,
Benchmark00441,Java to C,nativemethod,1,0,21,1,1,1,1,1,1,21,1,1,1,1,1,1,1,1,1,1,1,1,1,1,1,4953,
Benchmark00442,Java to C,nativemethod,1,1,1,-,-,-,-,-,-,1,-,-,-,-,-,1,-,-,-,-,-,-,-,-,-,825,
Benchmark00443,Java to C,nativemethod,1,0,1,-,-,-,-,-,-,1,-,-,-,-,-,1,-,-,-,-,-,-,-,-,-,829,
Benchmark00444,Java to C,nativemethod,0,1,1,-,-,-,-,-,-,1,-,-,-,-,-,1,-,-,-,-,-,-,-,-,-,866,
Benchmark00445,Java to C,nativemethod,0,0,1,-,-,-,-,-,-,1,-,-,-,-,-,1,-,-,-,-,-,-,-,-,-,821,
Benchmark00446,Java to C,nativemethod,0,1,1,-,-,-,-,-,-,1,-,-,-,-,-,1,-,-,-,-,-,-,-,-,-,817,
Benchmark00447,Java to C,nativemethod,0,0,1,-,-,-,-,-,-,1,-,-,-,-,-,1,-,-,-,-,-,-,-,-,-,830,
Benchmark00448,Java to C,nativemethod,1,0,1,-,-,-,-,-,-,1,-,-,-,-,-,1,-,-,-,-,-,-,-,-,-,915,
Benchmark00449,Java to C,nativemethod,1,0,1,-,-,-,-,-,-,1,-,-,-,-,-,1,-,-,-,-,-,-,-,-,-,1126,
Benchmark00450,Java to C,nativemethod,1,0,1,-,-,-,-,-,-,1,-,-,-,-,-,1,-,-,-,-,-,-,-,-,-,831,
Benchmark00451,Java to C,nativemethod,1,0,1,-,-,-,-,-,-,1,-,-,-,-,-,1,-,-,-,-,-,-,-,-,-,877,
Benchmark00452,Java to C,nativemethod,1,0,1,-,-,-,-,-,-,1,-,-,-,-,-,1,-,-,-,-,-,-,-,-,-,832,
Benchmark00453,Java to C,nativemethod,1,0,1,-,-,-,-,-,-,1,-,-,-,-,-,1,-,-,-,-,-,-,-,-,-,892,
Benchmark00454,Java to C,nativemethod,1,0,1,-,-,-,-,-,-,1,-,-,-,-,-,1,-,-,-,-,-,-,-,-,-,831,
Benchmark00455,Java to C,nativemethod,1,0,1,-,-,-,-,-,-,1,-,-,-,-,-,1,-,-,-,-,-,-,-,-,-,923,
Benchmark00456,Java to C,nativemethod,1,0,1,-,-,-,-,-,-,1,-,-,-,-,-,1,-,-,-,-,-,-,-,-,-,879,
Benchmark00457,Java to C,nativemethod,1,0,1,-,-,-,-,-,-,1,-,-,-,-,-,1,-,-,-,-,-,-,-,-,-,886,
Benchmark00458,Java to C,nativemethod,1,0,1,-,-,-,-,-,-,1,-,-,-,-,-,1,-,-,-,-,-,-,-,-,-,921,
Benchmark00459,Java to C,nativemethod,1,0,1,-,-,-,-,-,-,1,-,-,-,-,-,1,-,-,-,-,-,-,-,-,-,882,
Benchmark00460,Java to C,nativemethod,1,0,1,-,-,-,-,-,-,1,-,-,-,-,-,1,-,-,-,-,-,-,-,-,-,902,
Benchmark00461,Java to C,nativemethod,1,0,1,-,-,-,-,-,-,1,-,-,-,-,-,1,-,-,-,-,-,-,-,-,-,942,
Benchmark00462,Java to C,nativemethod,1,0,1,-,-,-,-,-,-,1,-,-,-,-,-,1,-,-,-,-,-,-,-,-,-,927,
Benchmark00463,Java to C,nativemethod,1,0,1,-,-,-,-,-,-,1,-,-,-,-,-,1,-,-,-,-,-,-,-,-,-,923,
Benchmark00464,Java to C,nativemethod,1,0,1,-,-,-,-,-,-,1,-,-,-,-,-,1,-,-,-,-,-,-,-,-,-,874,
Benchmark00465,Java to C,nativemethod,1,0,1,-,-,-,-,-,-,1,-,-,-,-,-,1,-,-,-,-,-,-,-,-,-,907,
Benchmark00466,Java to C,nativemethod,1,0,1,-,-,-,-,-,-,1,-,-,-,-,-,1,-,-,-,-,-,-,-,-,-,904,
Benchmark00467,Java to C,nativemethod,1,0,1,-,-,-,-,-,-,1,-,-,-,-,-,1,-,-,-,-,-,-,-,-,-,915,
Benchmark00468,Java to C,nativemethod,1,0,1,-,-,-,-,-,-,1,-,-,-,-,-,1,-,-,-,-,-,-,-,-,-,923,
